nbr_clauses,temps,memUsage
2,0.000000,40
4,0.000000,80
6,0.000000,120
8,0.000000,160
10,0.008000,200
12,0.484000,240
14,3.475000,280
